{"run": 0, "const_bad_fit": 0, "outside_95": 1, "OmegaM_true": 0.27998066660798365, "OmegaM_fit_mean": 0.2847633899616363, "percentile_rank": 0.0}
