{"run": 0, "const_bad_fit": 0, "outside_95": 0, "OmegaM_true": 0.24907380931422737, "OmegaM_fit_mean": 0.25924681091073126, "percentile_rank": 22.92}
