{"run": 0, "const_bad_fit": 0, "outside_95": 1, "OmegaM_true": 0.2870043209381408, "OmegaM_fit_mean": 0.28331087175273917, "percentile_rank": 0.0}
